{"noofapplications":"4","applications":[{"applicationName":"productFamily.yaml","applicationMetadataName":"productFamily-metadata.json","applicationMetadataPath":null,"executionSeq":1},{"applicationName":"api.json","applicationMetadataName":"api-metadata.json","applicationMetadataPath":null,"executionSeq":2},{"applicationName":"product.yaml","applicationMetadataName":"product-metadata.json","applicationMetadataPath":null,"executionSeq":3},{"applicationName":"tenant.yaml","applicationMetadataName":"tenant-metadata.json","applicationMetadataPath":null,"executionSeq":4}]}