{"noOfApplications":4,"applications":[{"applicaitonName":"api.json","applicaitonMetadataName":"api-metadata.json","applicaitonMetadataPath":null,"executionSq":1},{"applicaitonName":"product.yaml","applicaitonMetadataName":"product-metadata.yaml","applicaitonMetadataPath":null,"executionSq":2},{"applicaitonName":"productFamily.yaml","applicaitonMetadataName":"productFamily-metadata.yaml","applicaitonMetadataPath":null,"executionSq":3},{"applicaitonName":"tenant.yaml","applicaitonMetadataName":"tenant-metadata.yaml","applicaitonMetadataPath":null,"executionSq":4}]}